species,sepal_length,sepal_width,petal_length,petal_width,sepal_ratio,petal_ratio
setosa,-0.9597339621335333,0.8189962464696534,-1.2862119336022066,-1.2330322434123748,1.4716186871519066,7.903333333333332
versicolor,0.02785935806918703,-0.544704419588342,0.3057393927226227,0.17164547820113532,2.073649075392561,3.355727272310501
virginica,0.9525981281107134,-0.3132388694455224,1.0192009229009598,1.0935566264319467,2.2878235389256716,2.818585608693741
